id,date,sender,recipient,amount,currency,status
1,2025-05-21,Bob Johnson,Alice Smith,1232.01,USD,pending
2,2025-02-14,Bob Johnson,Julia Martinez,2956.56,USD,canceled
3,2025-04-30,Bob Johnson,Ethan Jones,2531.72,USD,pending
4,2025-08-03,Diana Brown,Julia Martinez,1110.0,GBP,confirmed
5,2025-12-24,Alice Smith,Diana Brown,2118.85,EUR,canceled
6,2025-02-22,Diana Brown,George Miller,472.8,USD,confirmed
7,2025-01-23,Fiona Garcia,Ethan Jones,3651.36,GBP,canceled
8,2025-10-10,George Miller,Bob Johnson,1472.96,GBP,pending
9,2025-12-27,Fiona Garcia,Diana Brown,357.08,GBP,canceled
10,2025-04-30,Ethan Jones,Bob Johnson,4333.75,EUR,confirmed
11,2025-03-25,Hannah Davis,Fiona Garcia,1857.2,USD,pending
12,2025-11-08,Ethan Jones,Bob Johnson,3178.54,GBP,pending
13,2025-08-25,Diana Brown,Charlie Williams,1903.48,GBP,pending
14,2025-12-17,Ian Rodriguez,Diana Brown,1628.17,USD,canceled
15,2025-07-25,Alice Smith,George Miller,1346.03,USD,pending
16,2025-12-02,Fiona Garcia,Diana Brown,2501.16,GBP,confirmed
17,2025-03-13,Charlie Williams,Fiona Garcia,1240.67,GBP,pending
18,2025-10-26,Ethan Jones,Hannah Davis,2003.01,USD,canceled
19,2025-02-16,Ian Rodriguez,Hannah Davis,3781.35,USD,canceled
20,2025-11-02,Charlie Williams,Hannah Davis,327.0,EUR,pending
21,2025-05-09,Hannah Davis,Julia Martinez,4855.68,USD,pending
22,2025-05-17,Bob Johnson,Julia Martinez,3845.31,EUR,canceled
23,2025-03-22,Ethan Jones,Hannah Davis,2274.08,GBP,pending
24,2025-04-02,Ethan Jones,Julia Martinez,2543.33,USD,pending
25,2025-11-08,Ethan Jones,Julia Martinez,1002.57,EUR,canceled
26,2025-01-01,Ian Rodriguez,Julia Martinez,2998.73,EUR,canceled
27,2025-06-07,Bob Johnson,George Miller,1204.87,USD,pending
28,2025-09-06,Bob Johnson,Charlie Williams,4081.96,GBP,canceled
29,2025-10-09,Charlie Williams,Ian Rodriguez,833.98,GBP,pending
30,2025-10-04,George Miller,Diana Brown,3778.77,GBP,canceled
31,2025-12-10,Ethan Jones,Hannah Davis,3252.89,EUR,pending
32,2025-05-07,Hannah Davis,Bob Johnson,1131.24,EUR,canceled
33,2025-04-28,Julia Martinez,Ian Rodriguez,2946.32,USD,canceled
34,2025-02-04,Alice Smith,Ethan Jones,4528.05,EUR,canceled
35,2025-05-23,Ian Rodriguez,Diana Brown,3348.2,USD,pending
36,2025-05-05,Charlie Williams,Ian Rodriguez,3925.25,EUR,canceled
37,2025-12-04,Bob Johnson,Charlie Williams,2160.95,EUR,confirmed
38,2025-12-11,Hannah Davis,Alice Smith,3270.74,GBP,canceled
39,2025-06-23,Alice Smith,Hannah Davis,4004.96,USD,canceled
40,2025-10-02,Diana Brown,Ethan Jones,2248.58,EUR,canceled
41,2025-05-08,Ethan Jones,Ian Rodriguez,4373.68,USD,confirmed
42,2025-01-26,Ian Rodriguez,Bob Johnson,3264.2,GBP,canceled
43,2025-03-27,Bob Johnson,Ethan Jones,2038.01,EUR,canceled
44,2025-03-26,George Miller,Alice Smith,1901.08,EUR,confirmed
45,2025-08-05,Hannah Davis,Ethan Jones,3485.99,GBP,pending
46,2025-04-08,Hannah Davis,Charlie Williams,1490.57,USD,pending
47,2025-06-10,Ian Rodriguez,Alice Smith,295.25,GBP,confirmed
48,2025-03-22,Ian Rodriguez,Julia Martinez,293.83,GBP,canceled
49,2025-11-01,Charlie Williams,Bob Johnson,349.12,USD,confirmed
50,2025-10-24,Bob Johnson,Ethan Jones,2976.65,GBP,canceled
